"Код";"Работа";"Синонимы";"Действие";"Оборудование";"Условия";"Опасности";"Допуск и организация";"Компетенции";"Обучающие модули";"Источники";"Применимость";"Дата проверки";"Статус"
"ПРМ-001";"Ремонт трансформатора с работой на высоте";"ремонт силового трансформатора | ремонт трансформаторного оборудования";"Ремонт";"Трансформатор";"Со снятием напряжения | На высоте | Выполняется подрядчиком";"Электрический ток | Наведённое напряжение | Падение с высоты | Падение или смещение груза";"Проверить применимый порядок оформления работ и допуска по локальным документам объекта | Зафиксировать границы подготовленного рабочего места и взаимодействие с подрядчиком";"Компетенции по электроустановкам в объёме поручаемой работы | Подготовка к работам на высоте | Компетенции для применяемых грузоподъёмных операций";"Границы рабочего места и наведённое напряжение | Безопасная работа на высоте у трансформатора | Коммуникация между владельцем объекта и подрядчиком";"ИСТ-001 | ИСТ-002 | ИСТ-003 | ИСТ-005";"Демонстрационная комбинация. Состав требований зависит от схемы, оборудования, высоты, организации работ и локальных документов.";"2026-09-28";"demo_requires_client_validation"
"ПРМ-002";"Оперативное переключение в распределительном устройстве";"переключения в РУ | оперативные переключения";"Переключения | Эксплуатация и оперативное обслуживание";"Распределительное устройство";"Под напряжением | На действующем производстве";"Электрический ток | Электрическая дуга | Пожар";"Применить утверждённый порядок переключений и полномочий персонала | Проверить локальные требования к заданию, распоряжению и фиксации операции";"Допуск к оперативному обслуживанию в установленном работодателем объёме | Знание схемы и локального порядка переключений";"Распознавание электрической опасности | Коммуникация и контроль перед операцией | Действия при отклонении от ожидаемой схемы";"ИСТ-001 | ИСТ-002 | ИСТ-005";"Не является инструкцией по переключениям. Последовательность действий берётся только из документов конкретной организации.";"2026-09-28";"demo_requires_client_validation"
"ПРМ-003";"Диагностика кабельной линии";"испытание кабеля | измерения на кабельной линии";"Диагностика, измерения и испытания";"Кабельная линия";"Со снятием напряжения | На действующем производстве";"Электрический ток | Наведённое напряжение | Движущийся транспорт";"Проверить порядок подготовки линии, ограждения и допуска | Согласовать зоны размещения испытательного оборудования и маршруты персонала";"Компетенции для измерений и испытаний применяемого типа | Знание схемы и правил объекта";"Опасная зона при испытаниях | Проверка отсутствия и появления напряжения | Ограждение и коммуникация на площадке";"ИСТ-001 | ИСТ-002 | ИСТ-005";"Набор опасностей меняется в зависимости от метода испытаний, трассы и состояния линии.";"2026-09-28";"demo_requires_client_validation"
"ПРМ-004";"Осмотр воздушной линии при неблагоприятной погоде";"осмотр ВЛ | обход воздушной линии";"Осмотры";"Воздушная линия";"Под напряжением | При неблагоприятной погоде";"Электрический ток | Наведённое напряжение | Падение с высоты | Движущийся транспорт | Обрушение или падение предметов";"Определить условия начала, приостановки и маршрута осмотра по локальному порядку | Проверить связь и порядок сообщения об обнаруженной опасности";"Знание признаков повреждений и опасных зон | Подготовка к передвижению в погодных и дорожных условиях";"Дистанции и опасные зоны у ВЛ | Признаки повреждения и запрет приближения | Решение о прекращении осмотра";"ИСТ-001 | ИСТ-002 | ИСТ-005";"Маршрут и погодные ограничения определяет владелец объекта с учётом местных условий.";"2026-09-28";"demo_requires_client_validation"
"ПРМ-005";"Техническое обслуживание котла";"ТО котельного оборудования | обслуживание котла";"Техническое обслуживание";"Котёл";"На действующем производстве | В стеснённых условиях";"Избыточное давление | Пар и горячие среды | Высокая температура | Шум и вибрация";"Проверить изоляцию источников энергии и порядок подготовки оборудования | Определить применимый вид оформления работы по локальному перечню";"Знание тепломеханического оборудования и границ вмешательства | Подготовка к работам с горячими средами и давлением";"Остаточная энергия и горячие поверхности | Проверка состояния оборудования до начала работ | Действия при утечке или изменении режима";"ИСТ-001 | ИСТ-005";"Демонстрация структуры; конкретные меры зависят от типа котла, режима и технологической схемы.";"2026-09-28";"demo_requires_client_validation"
"ПРМ-006";"Ремонт турбины с подъёмом узлов";"капитальный ремонт турбины | подъём деталей турбины";"Ремонт | Перемещение и подъём оборудования";"Турбина";"На действующем производстве | Выполняется подрядчиком";"Движущиеся механизмы | Падение или смещение груза | Шум и вибрация | Обрушение или падение предметов";"Развести роли ремонтной и подъёмной операций | Проверить план, зоны и порядок допуска по документам заказчика";"Компетенции ремонтного персонала для узла | Компетенции персонала, участвующего в подъёмной операции";"Опасная зона перемещения груза | Роли и сигналы участников | Контроль посторонних действий при ремонте";"ИСТ-001 | ИСТ-005";"Состав процедур зависит от массы узлов, применяемых подъёмных сооружений и проекта производства работ.";"2026-09-28";"demo_requires_client_validation"
"ПРМ-007";"Огневые работы на трубопроводе";"сварка трубопровода | ремонт трубопровода с огневыми работами";"Ремонт";"Трубопровод";"В газоопасной зоне | На действующем производстве | Выполняется подрядчиком";"Опасная газовая среда | Взрыв | Пожар | Высокая температура | Избыточное давление";"Проверить необходимость и состав наряда-допуска по локальному перечню | Согласовать подготовку участка, контроль среды и пожарные меры";"Компетенции для выполняемой огневой операции | Знание порядка контроля газовой среды и аварийной связи";"Подготовка зоны огневых работ | Изменение газовой среды | Остановка работы и аварийная коммуникация";"ИСТ-001 | ИСТ-005";"Конкретные газоопасные и огневые процедуры должны быть взяты из применимых правил и документов объекта.";"2026-09-28";"demo_requires_client_validation"
"ПРМ-008";"Очистка сосуда в ограниченном пространстве";"очистка резервуара | работы внутри ёмкости";"Очистка";"Сосуд под давлением";"В ограниченном или замкнутом пространстве | В газоопасной зоне | Выполняется подрядчиком";"Недостаток кислорода | Опасная газовая среда | Взрыв | Химическое воздействие | Падение с высоты";"Проверить оформление и состав бригады для ОЗП | Определить порядок контроля среды, наблюдения, связи и спасения";"Подготовка к работам в ОЗП в назначенной роли | Знание средств связи, контроля среды и плана спасения";"Роли участников работ в ОЗП | Контроль атмосферы и признаки опасности | Связь, эвакуация и запрет самовольного спасения";"ИСТ-001 | ИСТ-004 | ИСТ-005";"Демонстрационная карточка не заменяет оценку ОЗП, план производства работ и план спасения.";"2026-09-28";"demo_requires_client_validation"
"ПРМ-009";"Монтаж насоса на действующем производстве";"замена насоса | монтаж насосного агрегата";"Монтаж";"Насос";"На действующем производстве | В стеснённых условиях | Выполняется подрядчиком";"Движущиеся механизмы | Избыточное давление | Падение или смещение груза | Движущийся транспорт";"Проверить отключение и изоляцию действующих коммуникаций | Согласовать границы монтажной зоны и совмещённые работы";"Компетенции для монтажа применяемого агрегата | Знание порядка изоляции энергий и взаимодействия на объекте";"Границы монтажной зоны | Остаточная энергия и давление | Совмещённые работы и транспорт";"ИСТ-001 | ИСТ-005";"Требования зависят от среды, схемы подключения, массы агрегата и условий действующего производства.";"2026-09-28";"demo_requires_client_validation"
"ПРМ-010";"Аварийно-восстановительные работы на гидротехническом сооружении";"аварийный ремонт ГТС | восстановительные работы у воды";"Аварийно-восстановительные работы | Ремонт";"Гидротехническое сооружение";"В аварийном режиме | Над водой или у воды | При неблагоприятной погоде";"Падение в воду или утопление | Падение с высоты | Обрушение или падение предметов | Движущийся транспорт";"Определить полномочия, границы и порядок управления аварийной работой | Проверить связь, освещение, доступ и прекращение работ при изменении условий";"Компетенции для назначенной аварийной роли | Подготовка к работам у воды и в изменяющихся условиях";"Динамическая оценка опасностей | Безопасная зона у воды | Коммуникация и прекращение работ";"ИСТ-001 | ИСТ-005";"Не описывает план ликвидации аварии. Используется как пример декомпозиции сценария для обучения.";"2026-09-28";"demo_requires_client_validation"
